person,mention_count
Jim Nunnelly,263
Carl Clark,201
Ike,182
Ed West,181
Ike Gardner,180
Paul Booker,170
Charles Allen,156
Nunnelly,154
Ollie Hubbard,153
Jim,137
Lloyd Greenfield,129
Booker,100
Grand Dad,86
Bubba Cleaver,75
Allen,71
Carl,68
Derrick Thomas,60
Ollie,56
Lloyd,50
Grbac,43
Cleaver,42
Tom Brown,41
Charles,38
"Grand Dad"" Nunnelly",38
Gardner,36
Paul,35
Marcus Allen,33
Johnson,31
Jerry Price,30
Gannon,29
Herm,27
Priest,27
Jim “Grand Dad,26
Walt Livingston,26
Larry Johnson,26
Marty,26
Vermeil,26
Otis Taylor,25
Harry Sypert,25
Elway,24
Neil Smith,23
Priest Holmes,22
Greg Hill,22
Kennison,20
Elvis Grbac,20
Doug,20
Joe Montana,20
John Elway,19
Clark,19
Trent,18
Buck,18
Matt Cassel,17
Doc,16
Greenfield,16
West,16
Moon,15
Thomas,15
Dale Carter,15
Jerry Rice,15
Manning,14
Alexander,14
Marty Schottenheimer,14
Obama,14
Smith,14
Tamarick Vanover,14
Jesse,14
Elvis,14
Doug Williams,14
Jamaal Charles,13
Gunther,13
Romeo,13
Deron,13
Hubbard,13
Grun,13
Andre Rison,13
Buck Buchanan,12
Tony Dungy,12
Derrick,12
Holmes,12
Mila Banks,12
Rich Gannon,12
Carl Peterson,12
Stewart Watson,12
Trent Green,12
Warren Moon,12
Bono,11
Rice,11
Marcus,11
Green,11
Willie Davis,11
James Hasty,11
C. Ashley,11
Hill,11
Donna Stewart,11
God,10
Hank Stram,10
Price,10
Bird,10
Derrick Alexander,10
Len Dawson,10
Banks,10
Harvey Williams,10
Walter Payton,10
Tim Brown,9
Kimble Anders,9
Robert Lee Allen,9
Wesson,9
Cassel,9
Beyonce,9
Bubba,9
Granddad,9
Johnny Miller,9
Carolyn Booker,9
Brady,9
Anthony Davis,8
Junior Seau,8
Tony G,8
Bunny Rabbit,8
Steve Bono,8
Haley,8
Clyde,8
Donnie Edwards,8
Carl Boyd,8
Albert Lewis,8
T.O,8
Davis,8
Magic,8
Robert,8
Jesse Jackson,8
Art Shell,8
Vanover,8
Otis,8
Herm Edwards,8
Goliath,8
Eric,7
Dwayne Bowe,7
Edwards,7
Hali,7
Todd,7
Larry,7
Willie Lanier,7
Tracy,7
Tony Gonzalez,7
Brian,7
Neil,7
Kordell Stewart,7
Stacey Daniels,7
Dwayne Crompton,7
Dick Vermeil,7
David,7
Bowe,7
Terry Strother,7
Derrick Johnson,7
Clay,7
Shakespeare,7
John Mackovic,7
Rev,7
Dave Krieg,7
Schottenheimer,7
Sandra Hubbard,7
Lovie Smith,7
Luck,7
Dan Marino,6
Ashley,6
Christian Okoye,6
Debi,6
Cofield,6
Chris Warren,6
Magic Johnson,6
Keith Brown,6
Taylor,6
Velda Cook,6
Dennis Green,6
Vick,6
Jones,6
Emanuel Cleaver,6
Young,6
Jim Brown,6
Spinks,6
Frank White,6
"Isaac Gardner, Jr",6
Isaac Gardner Jr,6
Grossman,6
Sandra,6
Dad,6
Okoye,6
Johnny,6
Brown,6
Eric L. Wesson,6
Brian Tobey,6
Don Shula,6
Terrell Davis,6
Huard,6
Harbaugh,6
Stram,6
Mike Garrett,6
Stevie Wonder,5
Ray Charles,5
Carolyn,5
Steve Young,5
Rudolph,5
Marvin Gaye,5
Peterson,5
Campanis,5
Montana,5
Leslie O'Neal,5
Mackovic,5
Marvin Lewis,5
Isaac Gardner,5
Shell,5
Carter,5
Jim Nunnely,5
Lake Dawson,5
"Jim ""Grand Dad"" Nunnelly",5
Larry Holmes,5
Lamar Hunt,5
Gunther Cunningham,5
Bill Clark,5
Barry Sanders,5
Janice Nunnelly,5
Tony Gonzales,5
Beverly,5
Eula,5
Lincoln Taylor,5
Geneva Greenfield,5
Harry,5
Shannon Sharpe,5
Natrone Means,5
Greg,5
Kevin Lockett,5
Woods,5
Ollie Gates,5
Bobby Bell,5
Nick Lowery,5
Herman Edwards,5
Williams,5
Sypert,5
Gonzalez,5
Anders,5
Max,5
Morton,5
Tony Richardson,5
Stewart,5
Bam Morris,5
Shehee,5
Roger Craig,5
James Nunnelly,5
Amanda,5
Anthony,4
Anthony Wheeler,4
Earl D,4
Marv Levy,4
"Granddad"" Nunnelly",4
Warfield,4
George Benson,4
Jeff George,4
Slash,4
Tom Brady,4
Kerry Washington,4
Tracy Simien,4
Roy,4
Donnell Bennett,4
Rison,4
Cloud,4
Jerry Lockett,4
Hasty,4
Dishman,4
Lynette Woodard,4
Jim Harbaugh,4
Sandra Inez Hubbard,4
Marshall Faulk,4
Mary Lynn Clark,4
Lovie,4
Tracy Allen,4
David Whitmore,4
Jon Gruden,4
Jason Whitlock,4
Sylvester Morris,4
Sanders,4
George Brett,4
Cole,4
Jim “Granddad,4
Kevin Ross,4
Todd Blackledge,4
Dante Hall,4
Reggie White,4
Mary Lynn,4
Pete Stoyanovich,4
Bobby,4
Clyde Kemp,4
Chris Mims,4
Earl Abel,4
Tamba Hali,4
Mila,4
John Legend,4
Bri,4
Flip Wilson,4
Cortez Kennedy,4
Erica,4
Eric Warfield,3
Santa,3
Steve Fuller,3
Thurman Thomas,3
Dave Kreig,3
Marino,3
Jackie Robinson,3
Anthony Peeler,3
Wilt Chamberlain,3
Livingston,3
Jim Nunnally,3
Dawson,3
Todd Mcnair,3
Lombardi,3
Berry,3
Joe Gibbs,3
Vince Lombardi,3
Will Shields,3
Emmitt Smith,3
Wendell Tyler,3
Chris Penn,3
George,3
Croyle,3
Kurt Warner,3
Rashaan Shehee,3
Shields,3
Simon Fletcher,3
Eric Wesson,3
King,3
Keyshawn Johnson,3
Renee Gardner,3
Martin Bayless,3
Mcnair,3
Rod Smith,3
Ralph Brown,3
Deron Cherry,3
Watson,3
Rodney Harrison,3
Carl Connor,3
Bus,3
Jerome Bettis,3
Alicia Keys,3
Janet Jackson,3
Rex Purefoy,3
Oscar Jamerson,3
Bugsy,3
Jerome Woods,3
Kim,3
Kimble,3
Bill Kenney,3
Brian Blades,3
Joey Galloway,3
Bobby Sumler,3
Rozelle,3
Chuck,3
Andre,3
Marty Shottenheimer,3
Chuck James,3
Bart Starr,3
Todd Haley,3
Roberta Flack,3
Riley,3
Guy,3
Blackledge,3
Emmitt Thomas,3
Jimmy Raye,3
Walt,3
Cunningham,3
Gonzales,3
Kerry,3
Sam Cofield,3
Clyde Mcqueen,3
Alzheimer,3
Eli,3
Nunnely,3
Myla Banks,3
Jamal Charles,3
Flip,3
S Dad,3
Jeremiah Cameron,3
Dante,3
Ray Lewis,3
Josh Freeman,3
Kaepernick,3
Tom Flores,3
Damon,3
Lord,2
Mike Ditka,2
Rosemary Lowe,2
Delma Johnson,2
Icelean Clark,2
Anna Mae Towner,2
Lizzie Lewis,2
Florine Jones,2
Maureen O' Hara,2
Eric Winston,2
Winston,2
Johnny Cash,2
Sue,2
Suh,2
Jim Randall,2
Mouth Nunnelly,2
Hubbards,2
Emanuel “Bubba,2
Bakeer,2
Sam,2
Horace Peterson,2
Martin Luther King,2
Jimmie Raye,2
Marylyn,2
Brother,2
Thompson,2
Brees,2
Brandon Lloyd,2
Kerry Loses,2
Warfield Ed West,2
Jeffersons,2
Mccluster,2
Loyal Lloyd Greenfield,2
Jimmy Ray Hubbard,2
Simpson,2
Horace,2
Monday Niters,2
Darren Mickell,2
Nick Kotys,2
Donald Bakeer,2
Abel,2
Morris,2
Congressman Cleaver,2
Brian Waters,2
Peanut Brittle Matt Cassel,2
King Cole,2
Nat,2
Willie Humphrey,2
Thigpen,2
Lura,2
Celeste,2
Eric L,2
Tomlin,2
Isaiah,2
Andre Jackmon,2
Charles A. Allen,2
C. Artis Ashley,2
Faye Jackson,2
Paul Wiggin,2
Romeo Crennel,2
Joe Webster,2
Ron Walton,2
Barbara Hill,2
Commissioner,2
Walt Youngblood,2
Clancy Parker,2
Houston,2
Alex,2
Dickerson,2
Mike Carter,2
Bell,2
Wendy Mcnitt,2
Anderson,2
Doodle Bug,2
Derrick Parker,2
Clay Johnson,2
Floyd Little,2
Peyton,2
O'Neal,2
Bass,2
Lamar,2
Barry Words,2
Shottenheimer,2
Bob Collins,2
Bob,2
Joanne,2
Reggie Tongue,2
Mark Collins,2
Brian Washington,2
Clinton Portis,2
Rex Purefoy Charles Allen,2
Greenfield Ollie Hubbard,2
"Grand Dad"" Nunnely",2
Brian Mitchell,2
Ruth Werner,2
Mike Croel,2
Dennis Smith,2
Steve Atwater,2
Jefferson Joe Gilliam,2
Charles Ward,2
William Session,2
"J. P. ""Killer"" Price",2
Joyce Sypert,2
Willis Toney,2
Tom,2
Pat Brown,2
Boyd,2
Sammie Sosa,2
Mark Mcgwire,2
J.J. Birden,2
Todd Black-Ledge,2
Patrick Ewing,2
Tom Rhone,2
Solari,2
Parker,2
Mike,2
Dick,2
"Charles Allen, D.D.S",2
Santa Claus,2
Vinny Testaverde,2
Dungy,2
Eddie,2
Eddie Kennison,2
That Booker,2
Barry Foster,2
Barry Word,2
Big Bad John,2
Bo Jackson,2
Stephone Paige,2
Paige,2
Jerry,2
Surtain,2
Howard Gipson,2
Robert Allen,2
Tank Holmes,2
Roaf,2
Chris Dishman,2
Pat Fischer,2
Pete Rozelle,2
Spud Webb,2
Hatch,2
Jim Lynch,2
Dirty Harry,2
William Jackson,2
Troy Brown,2
Leslie O’Neal,2
Atwater,2
Peyton Manning,2
Stoyanovich,2
Carl Carl,2
Malik,2
Cherry,2
Ed Mccaffrey,2
Terry Metcalf,2
Culpepper,2
Paul Booker Ike Gardner,2
No Offense Paul Booker,2
T.0,2
Rick Barry,2
Levy,2
Art Still,2
Jon Gray,2
Four Aces,2
Kelly Bowland,2
Tracey Blaylock,2
Ray Crockett,2
Mcnabb,2
President,2
Woodson,2
Romanowski,2
Warren Sapp,2
Abner Haynes,2
Beverly Allen,2
Gruden,2
Bill Jones,2
Mark Mcmillian,2
Al Michaels,2
Geneva,2
Stewart “Jack Rabbit,2
Zack Crockett,2
Dalton,2
Hillary Clinton,2
Charles Fort,2
Harrison,2
Brodie,2
Dan Saleaumua,2
Saleaumua,2
Rbnatrone Means,2
Bayless,2
Cowher,2
Woodard,2
Horn,2
Mcglockton,2
Brett Favre,2
Rodney Peete,2
Desmond Howard,2
Lynette,2
Lonnie Smith,2
George Murphy,2
Alex Haley,2
William Shakespeare,2
Mcgee,2
Vince,2
Joe Namath,2
Mrs,2
Richardson,2
Pete,2
Tim Grunhard,2
Bob Beaird,2
Romeo Cremmel,2
Rats,2
Willie Roaf,2
Mary Groves Bland,2
Raul Gaffney,2
Joyce Gaddy,2
Gaddy,2
Roy Hamilton,2
Steve Jordan,2
Kathleen Russell Jordan,2
Monroe,2
Janice,2
Barbara Wilson,2
Rich,2
Juanita Kincaid,2
Ellison,2
Erma Westbrook,2
Teenie Stowers,2
Melvin Johnson,2
David Wyatt,2
Wills Sykes,2
Paulene Byrd,2
Vivian Groves,2
George Nunley,2
Richard Tate,2
Laverne Baker,2
Wade Phillips,2
Phillips,2
Hank,2
Ladainian Thompson,2
Bucking,2
Charles Allen Dds,2
Eddie Robinson,2
Angela Castle,2
Warren (Armstrong) Jabali,2
Dinah Washington,2
Marylynn Clark,2
Big Ike Gardner,2
Tyler,2
Reggie Roby,2
Roby,2
Walter Livingston,2
Jared Allen,2
Carol Booker,2
Dianne,2
Diane Thomas,2
Eddie Kenniston,2
Mcmillian,2
Peete,2
Bam,2
Troy Aikman,2
Melissa Mauer-Smith,2
Elton John,2
Lloyd Greenfield Ollie Hubbard Jim Nunnelly Ed West,2
Brett Perriman,2
Paul Hackett,2
Frankie,2
Debi Thomas,2
Howard Cosell,2
Dandy Don Meredith,1
Jim Nunnclly Debi Thomas,1
Jer,1
Wholly,1
Jim Nunnelly Jerry Price,1
Witt,1
Al Campanis,1
Watergate,1
Earl Butz,1
Joseph Lowery,1
Ewing Kauffman,1
Bruce Smith,1
Killer,1
Lj’Don Thanksgiving,1
Ladainian,1
Barack,1
Mary Helen Parker,1
Justin Huston,1
Muhummad Ali,1
Must,1
Jamal,1
Paul Palmer,1
John Taylor,1
Jake Reed,1
Terry Wooden,1
Troy Dumas,1
Willie Beamon,1
Hate,1
Krystal Whitmore,1
Frank Gifford,1
Cosell,1
Shanahan,1
Ed “Clearheaded And Competent,1
Dexter,1
Amanda And Erica,1
Matt Leinart,1
Carson Palmer,1
Doris,1
Keith Lee,1
Wade Nobles,1
Al Brooks,1
Ida Love,1
Phyllis Chase,1
Pat Glorioso,1
Nobles,1
Blake,1
Willie Banks,1
Bobbie Pearson,1
"James ""Black Jack"" Jackson",1
Rod Thomas,1
Eddie Walker,1
Ngton,1
William White,1
Walker,1
Danan Hughes,1
Gene Washington,1
Nce,1
Hall,1
Charles Booker,1
Cheaps,1
Charles Allen Paul Booker Carl Clark Ike Gardner,1
Bubba Cleaver Jon Gray,1
Ol' Ike Gardner,1
Steve Perriman,1
Sean Lachapelle,1
Amanda Scullark,1
Muna Lee,1
Alfreda Scullark,1
Muna,1
Rhonda Ruth Inverson,1
Toni Thomas,1
Bill Threatt,1
Lance Livingston,1
A-Jay Adair,1
Shelly Wilke,1
Paul Gibson,1
Patra Walker,1
Brian Wimes,1
Gene Armstead,1
Smarty,1
Bushwick,1
Diana,1
Bing Crosby,1
Herschel Walker,1
Herschel,1
Betty Mcner,1
Roy Williams,1
Coach K,1
Tynes,1
Boerigter,1
Johnnie Morton,1
Brown Bomber,1
Ike “Centankerous,1
Wilson,1
Samie Parker,1
Samie,1
"Isaac ""Ike"" Gardner Sr",1
Mighty Mouse,1
Marvcus Patton,1
Medicare,1
Alfreda Soullark,1
Paula,1
Craig,1
Joe Montana. Craig,1
Celeste West,1
Nate Littlejohn,1
Sosa,1
Rickey Williams,1
Snoop Minnis,1
T'Amba,1
Celeste Kathy,1
Alver,1
Ship,1
Reginald,1
Mackie Joseph,1
Fred,1
Juanita Thomas,1
Mcqueen,1
Dana F. Stephenson,1
Big Tuna,1
Bill Parcells,1
Eva Johnson,1
Christie Taylor,1
Christie,1
Lincoln,1
Eula Taylor,1
Tami Willams,1
George Hoode,1
Renee’ Michelle Garder,1
Lor,1
Vee Maxey,1
Edna Brannock,1
Eric Wright,1
Buck O'Neil,1
James T. Nunnelly,1
Charles Harris,1
Beaird,1
Jabali,1
Randy Moss,1
Stoy- Anovich,1
Ken Graham,1
Tiki Barber,1
Christ Calloway,1
Straham,1
Ash,1
Edward,1
Charles Hazley,1
Don Maxwell,1
Bill Clinton,1
Karen Kornaki,1
Jim Nunnelly Doug Williams,1
Max Mcgee,1
Carl Clarke,1
Bill Session,1
Jonathan Kemper,1
Dionne Warwick,1
Charles Allen Paul Booker Ike Gardner Jr,1
Jim Nunnelly Harry Sypert,1
David Smith,1
Tracy Simlen,1
Branch Rickey,1
"Able"" West",1
Trickey Trent Green,1
Ernie Ladd,1
Lillian,1
Ladain-Ian,1
Fuzzy Thompson,1
Fuzzy,1
Tamba,1
Jowan,1
Rondalyn Graham,1
Lord Of Attention,1
Ike Booker,1
Mary Ellen Miller,1
Ron Wade,1
John Mck,1
Lee Gardner,1
Jim Nunneily,1
Warren,1
Andre Ware,1
Ware,1
Tobey,1
Lawrence,1
Haywood Jeffries,1
Rodney Thomas,1
Norman Douglas,1
Erik Stafford Houston,1
Al Sanders,1
Boyd Dowler,1
Paul Hornung,1
Dowler,1
Moreau,1
Lockett,1
Derricks,1
Mike White,1
Daw- Son,1
Garrison,1
Robinson,1
Lewis Tillmon,1
Stanley Lewis,1
Bri- An,1
Palmer,1
Peeler,1
Charles Mincy,1
Deberg,1
Vlasic,1
Ty Detmer,1
Jim Nunnelly Lynette Woodard,1
Jimmy The Greek,1
Bias,1
Rogers,1
Len Bias,1
Don Rogers,1
Eric Wesson Tracy Allen,1
Hasselbeck,1
Pot,1
Franco Harris,1
Chuck Noll,1
Hasselback,1
Jasper Hammock,1
Cheryl Cooper,1
Harris,1
Morris Henderson,1
Steven Young,1
Calline Toe Coleman,1
Allens,1
Terrill,1
Payton-Harrison,1
Ed- Die Robinson,1
Tamerick Vanover,1
Jim Nunnelly Willie Davis,1
Jo Jo White,1
Sweet Georgia Brown,1
Wood,1
Little Sister,1
Baby Girl,1
Sweet Lou Dunbar,1
Lyn,1
Birden,1
Ada Fisher,1
"Oscar ""Baby Brother"" Jamerson",1
Jan Stenerud,1
Almighty,1
Moses,1
Eddie Robinson Brian,1
"Grand Dad"" Nunnally",1
Isaiah Gardner,1
"Grand Dad"" Nunnlelly",1
Wayne,1
Carl Webber Elliott Clark,1
Cinderella,1
Herm “The Firm,1
Dan Corryel,1
Andrew Bruce,1
Bruce,1
Bill Cowher,1
Mike Tomczak,1
Jim Miller,1
Joe Delaney,1
Shaun Gayle,1
Deion Sanders,1
Bent-Trent,1
Brown/Rice Charles Allen,1
John Madden,1
Michael Jordan,1
Michael,1
Kareem Rush,1
Clarence Gilbert,1
Rush,1
Paulding,1
Gage,1
Spent Trent,1
Priestly Priest,1
Hicks,1
Paul Mccartney,1
Ladanian,1
Vermeill,1
Kevin,1
Tracy Semien,1
Susan Griffle,1
Stacey King,1
Danny Manning,1
Trent Bono,1
Phil Simms,1
Big John,1
Doug Day,1
Ricky Sanders,1
Grambling,1
John,1
Isaac Bruce,1
Steve “Air,1
Steve Mcnair,1
Karl Mecklenburg,1
John Ashcroft,1
Jean Anderson,1
Flutie,1
Scott O,1
Wright,1
Gen-Uine Jean Anderson,1
Marcie Brown,1
Carl Clark Carl Clark,1
Mike Sours Southern,1
Deion,1
Like,1
Croquette,1
Billy Joe Hobert,1
Carol,1
Rick Gannon,1
Howard,1
Wesley,1
Moss,1
Sean Elliot,1
Scooter Barry,1
Larry Brown,1
Dave Sieger,1
Sean Elliott,1
Tom Tolbert,1
Curtis Mcclinton,1
Aaron Brown,1
Willie Mitchell,1
Eric Turner,1
Pepper Johnson,1
Carl Banks,1
Michael Dean Perry,1
Kelly,1
Aikman,1
Irvin,1
Barry,1
Jerry Jones,1
John Friesz,1
Faye Kidd Jackson,1
Matt Stover,1
Derrick Walker,1
Keith Cash,1
Jerry Lee Rice,1
Bill Ingram,1
Greg Hill David Whitmore,1
John Carney,1
Darren Bennett,1
Lloyd Holds,1
Culpepper-Moss,1
Jenkins,1
Gary Brown,1
Craig Whellan,1
Mark Brunnel,1
James Stewart,1
Jerome (Big Bus) Bettis,1
Ed Podolak,1
Fran Tarkenton,1
Terrell,1
Shannon,1
Otis Armstrong,1
Blades,1
Kennedy,1
K.C. Jones,1
K.C,1
Emmitt,1
Reverend Hartsfield,1
Maxine,1
"Concrete Feet"" Grbac",1
Troy Drayton,1
Michael Redd,1
"James ""Scoonnie"" Penn",1
Malik Yoba,1
Nina Smith,1
Braxton,1
Corby Jones,1
Frost,1
Fred Smith,1
Tony Stargell,1
Darren Anderson,1
Grunhard,1
Szott,1
Bennett,1
Matt Clay,1
Drew Bledsoe,1
Terry Glenn,1
Shawn Jefferson,1
Vincent Bagby,1
Robert Edwards,1
Willie Mcginest,1
Ty Law,1
Cullors,1
Dan Williams,1
Vaughn Booker,1
John Browning,1
Chester Mcglockton,1
James Brown,1
Buck O’Neil,1
"Jerome ""The Bus"" Pettis",1
Norm Stewart,1
Jim Nunnelly Rozelle,1
Tongue,1
Wayne Simmons,1
Dirty Harry Sypert,1
Bettis,1
Dermonti Dawson,1
Carnell Lake,1
Myron D,1
Sonny Andre,1
Mac Clay,1
Grand Dad' Nunnélly,1
Jamil Anderson,1
Brianna Scurry,1
Blaylock,1
Les Miller,1
Don Steadman,1
Buck Buchannan,1
Stephonne Paige,1
Castle,1
English,1
Brian Griese,1
Rita Booker,1
Charlie Hatch,1
Bobby Ross,1
Ross,1
Charles Allen Paul Booker Carl Clark Bubba Cleaver Ike Gardner,1
Drew Brees Lloyd Greenfield Ollie Hubbard Jim Nunnelly Ed West,1
Shawn Barber,1
Ryan Sims,1
Big M,1
Joyce Lyn Tucker Burg,1
Velda,1
Joycelyn,1
Marion Jones,1
Call,1
Lord Byron Jones,1
Jim Nunnelly Bobby Sumler,1
Charles Stevenson,1
Calvin Murphy,1
Ingham,1
Koren Wah,1
Jerry Stabenow,1
Koren,1
John Schuerholz,1
David Griffin,1
Frank Ganz,1
Still,1
Norman Hand,1
Ole,1
Nunnelly Barry,1
Favre,1
Defense,1
Glouster Richardson,1
Law,1
"Herm ""The Firm"" Edwards",1
Hal Mcrae,1
Affirmed,1
Apostle Paul Booker,1
Tampa,1
Holliday,1
Niter,1
Marylynn,1
Gene Upshaw,1
Billy Kenney,1
Stephone,1
D.D.S.. C. Ashley,1
Cool Len Ny,1
Ganz,1
Jim Nunnelly Okoye,1
Is Okay,1
Jim Nunnelly Tracy Cherry,1
Tracy Cherry,1
James T. Nunnelly Ed West,1
David Robinson,1
Ty- Rone Bogues,1
Stephonne,1
June Jones,1
Craig Whelihan,1
Spiderman,1
Reg- Gie Williams,1
Bogues,1
Tyrone,1
Jim Nunnely Bo Jackson,1
Vincent Edward Jack- Son,1
Ole Bo,1
Meyer,1
Jim Irsay,1
Art Monk,1
Clyde Simmons,1
Mark Rypien,1
Randall Cunningham,1
Jim Nunnelly Anthony Peeler,1
James Carter,1
Charles Lee,1
Gunning Gunther,1
Jozwiak,1
Lutz,1
Budde,1
Jim Nunnelly Charles Allen,1
Bluford,1
House,1
"Kimble ""The Nimble"" Anders",1
James Mckinght,1
Ricky Watters,1
Chad Brown,1
Napoleon Kauffman,1
Charles Woodson,1
Kelli Moorhous,1
Erik Stafford,1
Erik,1
Cantankerous Ike,1
Butt,1
Barber,1
Paul D.S,1
Victor Riley,1
Dave Szott,1
James Blackwell,1
Nick,1
Rashann Shehee,1
Imble,1
Paula Booker,1
Ed Reeves,1
Jamal Anderson,1
"John ""Medicare"" Elway",1
Mccaffrey,1
Carl Boy’D,1
Efforts,1
Ike Gardner Jr,1
Len Ny,1
Eller,1
Page,1
Mar Sails,1
Cur Ley Culp,1
Jim Kearney,1
Adickes,1
Eatman,1
Carson,1
Hancock,1
Marshall,1
Ethan Hor- Ton,1
Pruitt,1
Luther,1
Poor Priest,1
Paul) Booker,1
Bubba) Cleaver,1
James,1
Saxon,1
Charlie,1
Joiner,1
Carl) Peterson,1
King Solomon,1
Mike Cloud,1
Collins,1
Sugar Ray Leonard,1
Joe Cortez,1
Floyd Patterson,1
Muhammed Ali,1
Big Ollie,1
Wonderful Wanda,1
Chick,1
Shana Wheeler,1
Bill Russell,1
Vic Power,1
Goose Tatum,1
Jim Nunnelly The Relentless Cherry,1
Deron Leigh Cherry,1
Bob Grupp,1
Gary Barbaro,1
Renee' Gardner,1
Ken Bacchus,1
Stancia,1
Eric Everett,1
Carl Clark Sr,1
Spinksholmes,1
Herb Adderley,1
Willie Wood,1
Eric Metcalf,1
Bernie Kozar,1
Quarter,1
Vince Evans,1
Willie Shoemaker,1
Tracey Simien,1
Michael Irvin,1
Leon Lett,1
Greg Ellis,1
Deon Sanders,1
Extraordinary,1
Deon,1
Tony Dingy,1
Ruth Hill,1
Petey Stamps,1
Lewis,1
Verme,1
Evans,1
Greg Diggs,1
Julia Hill,1
White,1
Lowery,1
J.J. Beirden,1
Noland,1
"Super Gnat"" Smith",1
"Noland ""Super Gnat",1
Hunt,1
Jim Taylor,1
Forrest Greg,1
Ray Nitschke,1
John Riggins,1
Webster Slaughter,1
B. Derrick Thomas,1
Kerry Collins,1
Fellom Daniels,1
"Mighty Mouse"" Mcmillian",1
Leon Dixon,1
Eric Dickerson,1
Christ,1
Arshall Faulk,1
Lamont Warren,1
Andre Risen,1
Irv Eatman,1
Willie Peete,1
Mike Pritchard,1
Crystal Kuykendall,1
Medicare Marcus,1
John Alt,1
Chris Peen,1
Big Mac,1
Ight,1
Black-Ledge,1
Ous,1
Eddie West,1
Group,1
Willie Walton,1
Miles Davis,1
Cheryl,1
Patsy Brown,1
Sammy Sosa,1
Henry Jordan,1
Vinny Tes- Taverde,1
Terry Riley,1
Emanuel Cleaver Iii,1
George Bell,1
Sammy Claus,1
Ryan Leaf,1
Bryan Smith,1
O’Neal,1
Charles Johnson,1
Wayne Chrebet,1
Vinny,1
Curtis Martin,1
Mo Lewis,1
Aaron Glenn,1
Otis Smith,1
Rashad Shehee,1
Rangy Buck Buchanan,1
Logan,1
Mr. Puddy Pot,1
Bent Trent,1
Ann,1
Snoop,1
B.B. King,1
Joyceln Tucker Burgo,1
Tim Cofield,1
Frank Gif,1
Ford,1
Gayle Sayers,1
Lincoln Acade- My,1
"Charles Al- Len, D.D.S",1
Jim Nun,1
Nelly,1
Jake Gaither,1
Rex Grossman,1
Mcallister,1
Theodore Leathers,1
Adge Williams,1
Frank Goodwin,1
Marion Barry,1
Colin Powell,1
O.J,1
Bill Madison,1
Jamaal Wilkes,1
Norm Nixon,1
Kareem Abdul-Jabbar,1
Clay Johnson Iii,1
Issac Gardner Jr,1
Romo,1
Sean Payton,1
Thomas Brown,1
William Perry,1
Guy Mcintyre,1
Perry,1
Gary Anderson,1
Reagan,1
Bret Saberhagen,1
David Cobblns,1
Chocolate Drop,1
Pumpkin,1
Mr. Mary Lynn,1
Mr. Peanut,1
Paul “The Apostle,1
Mcnabb Lloyd Green Field,1
Prince,1
"Martin Luther King, Jr",1
Herschel Clark,1
The,1
Skills,1
Jamie Foxx,1
Washington,1
Joe C. Meriweather,1
Pancho King,1
Darryl Dawkins,1
Bill,1
Sean Smith,1
Lisa Washington,1
Perfect Peyton,1
Huff,1
Ley,1
Stephne Paige,1
James T,1
Dennis Marlin,1
Magician,1
Briscoe,1
Jim Nunnelly Sam Cofield,1
Claude Perkins,1
Deborah Jones,1
Tony,1
Andre Jackson,1
Hadley Reimal,1
Ike Gardner James Nunnelly,1
Zel,1
Duna,1
Cool Rae,1
Nunnelly Boys,1
Nun,1
Sanders Martin,1
Fats Domino,1
Tyler Thigpen,1
Quiet One,1
Giant,1
Johnson And Johnson Ed West,1
Produces Stewart Watson,1
Fitzgerald,1
Warner Eric Wesson,1
Luke Ponder,1
Apostle Paul,1
Cobblns,1
Phil Taylor,1
Dick Howser,1
Ewing Kaufman,1
George Orta,1
Darryl Motley,1
Big Hub,1
Christian,1
Mary Agnes Patterson,1
Sonny Thompson,1
Lula Reed,1
Ruth Brown,1
Etta James,1
Annie,1
Hank Ballard,1
Lou Rawls,1
Johnny Taylor,1
Sam Cooke,1
Fontella Bass,1
Little Willie John,1
Tina Turner,1
Jackie Wilson,1
Rich Mccauley,1
Erica Nunnelly,1
Jazel Nunnelly,1
Nat “King”Cole,1
Mary J. Blige,1
Johnny Mathis,1
Donnie Hathaway,1
Nat King Cole,1
Cantankerous Ike Gardner,1
Wrong Way Ike,1
Poor,1
Pitiful Paul,1
Pryor,1
That,1
Sweet Pea,1
Ol’ Ike,1
Andrea Buford,1
Beyonce Beyonce,1
G.L. Blankenship,1
Madame C. J. Walker,1
Fannie Meeks,1
Alvin Brooks,1
Elize,1
Adlai Stevenson,1
John Covington,1
God Almighty,1
Tracy Porter,1
Vicki Frazier,1
Breana Jordan,1
Montoya Lucas,1
Kosha Johnson,1
Danielle Morris,1
George Jefferson,1
Von Holliday,1
Lewis Walter Livingston,1
Uncle Walt,1
Alex-Ander,1
Ersons,1
Christian Nunnelly,1
Gerald Pegg,1
Lametria Pegg,1
Margo Quiriconi,1
Arionne Williams,1
Patricia Wright,1
Cadenhead,1
Dyan Deveraux,1
Ike “Papaw,1
Aaron Alexis,1
"Arrington ""Bub Ble"" Klice",1
Satchel Paige,1
Leroy Kelly,1
Robb Thomas,1
R. Robb Thomas,1
Al Windsor,1
Andrea Rison,1
Chan Ho Park,1
Park,1
Everett O’Neal,1
Earl Pitts,1
Leon Arnold,1
Chuck Wimes,1
Roy Walker,1
Donna Summers,1
Jay Z,1
Paul “The Converted Apostle,1
Tyrant,1
Norman Lear,1
Reggie Wayne,1
Ikd,1
Ollie “Cnn” Hubbard,1
Ed “The Gee,1
Eric “Erica,1
Ray Rice,1
Cameron,1
Much Manning,1
E.J,1
Lisa Page,1
Waters,1
Sarah Rector,1
Woody Smallwood,1
Barack Obama,1
Günther Cunningham,1
Günther,1
Warren Dunn,1
Gore-Bush,1
Karrington,1
Brandon,1
Robert Griffin Iii,1
Charles Kynard,1
S Allen,1
Cool Carl Clark,1
D West,1
Crennel,1
Eric “Erica’S Dad,1
Ike Gardner Lloyd Greenfield,1
Tee,1
Leona,1
Charlene Boswell,1
Jackie Mackrel,1
Geneva Price,1
Georgia Buchanan,1
Bob Wheeler,1
Gurnie Gunther,1
Patti Labelle,1
Aaron Rodgers,1
Ike “Oldest Grench Alive,1
Ollie “Dr. Death,1
Crennell,1
Charles Allen Paul Booker Carl Clark Ike Gardner Lloyd Greenfield Ollie Hubbard Jim Nunnelly Ed West Robert Smith Jon Gray,1
Shaq,1
Geraldine,1
Joe Kapp,1
John Agnos,1
Carl Iii,1
Carlynn,1
Tia,1
Mila Lewis Banks,1
Gen Greenfield,1
Neal Herrford,1
George Washington,1
Brady To Toomer,1
Eli Manning,1
Isaiah Banks,1
Ollie Hubbard Ollie,1
Connor,1
Shelley,1
Roosevelt,1
Miss Leona,1
Gun(Ther,1
Marty Ball,1
Chess,1
Shawn Edwards,1
Mayor,1
David Krieg,1
Sander Martin,1
Erma Monroe,1
Juanita Dixon,1
Mary Patton,1
Joanne Herndon,1
Emma Turner,1
George Brooks,1
Montell Washington,1
Herman Gant,1
Gant,1
Don Johnson Sr,1
Carol Johnson,1
James Scott,1
Lew Coleman,1
Jerome Tolliver,1
Michael Turner,1
Jim Nunnelly Horace Peterson,1
Horace M. Peterson,1
Barbara Peterson,1
Horace-In,1
Katerina Witt,1
Wendell Phillips,1
Rick Davis,1
Paul Knight,1
Marshall Robinson,1
Mike Mcneil,1
Andal,1
Andrew Luck,1
Marvin,1
Alex Smith,1
Eric Fisher,1
Andy Reid,1
Election,1
Notwithstanding Ike Gardner,1
Daton,1
Loyal Lloyd,1
Mcelroy,1
Ike “Mad Man,1
Poe,1
Giselle,1
Chester Anderson,1
Aaron Johnson,1
Beyonce Giselle Knowles,1
Peanute Br,1
Peanut Brittle,1
Paul “6902,1
Fred Broski,1
Carl “Classy,1
Ollie “Breaking New,1
Ron Winfrey,1
Ed “Still Mentoring,1
T.T,1
Lowry,1
George Taft,1
Clara Shields Maddox,1
Joahn Betts-Hall,1
Frank Haugh,1
Dorothy Roberts,1
Henderson Bell,1
Carl “Righteous Bro-Ther,1
Ivy Ganaway,1
Ed “Dozing,1
Dennver,1
Ed “Awake Now,1
Doc Allen,1
Carl Clark Dungy,1
Candice Price Wayne Hubbard,1
Wayne Hubbard,1
Candice Price,1
Ed West Dungy,1
Charles Allen Dungy,1
Ike Gardner Paul Booker Charles Allen Carl Clark,1
Brown/Rice,1
Bubba Cleaver Jon Gray Donna Stewart Tracy Allen,1
Ebenezer Scrooge,1
Scrooge,1
Ebenezer Gardner,1
Ray,1
Flacco Ike Gardner,1
Deion-Like,1
Russell,1
Lincoln University,1
Drew Brees Lloyd Greenfield,1
Ndamudong Suh,1
N Dam U Kong,1
Ndamukong Suh,1
Shelly,1
Danielle,1
John Williams,1
Benedict Justice,1
Trent And Revenge Contain Ray,1
Run Warfield,1
Barber Dante,1
Bg Hub,1
Lura Anderson,1
Leonard Butler,1
Or Man,1
Ollie “Barbara Walters,1
A. Holmes,1
Pa-Ul Booker,1
Singletary Factor,1
Smith-To-Davis,1
Asy Ed West,1
Ikeing,1
Terrell Pryor,1
Uncle Cantank,1
"Ike Gardner, Jr",1
Huston,1
Clark Hunt,1
Matt,1
Charles “The Chef,1
Still Got It,1
Evelyn Champagne King,1
Ike “The Big Hater,1
Weis,1
Biker,1
That Hater,1
Lloyd “A Gentlemen,1
S Gentleman,1
Ollie “Elephant Memory,1
Millers,1
Raytown,1
"Allen, Charles",1
"Clark, Carl",1
Dan Reeves,1
Ovara,1
Pee Wee Summers,1
Ry Price,1
Ovara Miller,1
Brady Quinn,1
Travis Grant,1
Grant,1
Grants,1
Nthony Augmon,1
Al Newman,1
Clyde The Great,1
"Charles Allen, D",1
D.S,1
